Method,Iters@1e-6,Iters@1e-3,FinalGap,CPU_s,Backtracks,FEvals,Theta,Sigma,Mu,Lambda0
EG_oracle,DNF,DNF,1.167062e-02,8.920,0,0,,,,0.007064612141871692
SAISE_prior,DNF,2002,1.720093e-04,8.915,0,6002,0.6,0.9,0.7,0.014129224283743384
SAISE_no_inertia,DNF,DNF,3.959621e-03,8.857,0,6002,0.0,0.65,0.6,0.014129224283743384
SAISE,DNF,2002,1.720093e-04,8.888,0,6002,0.6,0.65,0.6,0.014129224283743384
