Sector,EG_oracle_iters@1e-6,SAISE_iters@1e-6,EG_final_gap,SAISE_final_gap,EG_CPU_s,SAISE_CPU_s,SAISE_Backtracks,SAISE_FEvals,Theta,Sigma,Mu,LambdaMultiplier,Lambda0
Machinery,489,352,9.837096e-07,9.648732e-07,0.320,0.253,128,834,0.6,0.85,0.6,1.0,0.2512822517179354
Minerals,173,181,9.543921e-07,9.289467e-07,0.111,0.128,75,439,0.6,0.85,0.6,2.0,0.3773361933492888
Chemicals,171,135,9.438151e-07,9.136814e-07,0.111,0.095,47,319,0.6,0.65,0.8,1.0,0.5485006336617712
Transport,1132,844,9.975634e-07,9.897850e-07,0.730,0.672,626,2316,0.6,0.65,0.6,1.0,0.14973265788647064
Metals,1944,1206,9.963623e-07,9.839660e-07,1.268,0.936,759,3173,0.6,0.65,0.6,2.0,0.8084804178627368
